<flowdefs>

	<flow id="0" from="gneE1" begin="0" end="3600" number="500"/>
	<flow id="1" from="gneE5" begin="0" end="3600" number="500"/>
	<flow id="2" from="gneE8" begin="0" end="3600" number="500"/>
	<flow id="3" from="gneE12" begin="0" end="3600" number="500"/>
	<flow id="4" from="gneE15" begin="0" end="3600" number="500"/>
	<flow id="5" from="gneE17" begin="0" end="3600" number="500"/>
	<flow id="6" from="gneE19" begin="0" end="3600" number="500"/>
	<flow id="7" from="gneE21" begin="0" end="3600" number="500"/>
</flowdefs>