<?xml version="1.0" encoding="UTF-8"?>
<turns xmlns:xsi="http://www.w3.org/2001/XMLSchema-instance" xsi:noNamespaceSchemaLocation="http://sumo.dlr.de/xsd/turns_file.xsd">
	<interval begin="0" end="10000">
		<fromEdge id="gneE1">
			<toEdge id="gneE7" probability=".1"/>
			<toEdge id="gneE4" probability=".7"/>
			<toEdge id="gneE2" probability=".15"/>
		</fromEdge>
		<fromEdge id="gneE5">
			<toEdge id="gneE0" probability=".2"/>
			<toEdge id="gneE7" probability=".6"/>
			<toEdge id="gneE2" probability=".15"/>
		</fromEdge>
		<fromEdge id="gneE8">
			<toEdge id="gneE2" probability=".1"/>
			<toEdge id="gneE4" probability=".7"/>
			<toEdge id="gneE0" probability=".15"/>
		</fromEdge>
		<fromEdge id="gneE12">
			<toEdge id="gneE3" probability=".1"/>
			<toEdge id="gneE14" probability=".7"/>
			<toEdge id="gneE9" probability=".15"/>
		</fromEdge>
		<fromEdge id="gneE15">
			<toEdge id="gneE3" probability=".1"/>
			<toEdge id="gneE11" probability=".7"/>
			<toEdge id="gneE9" probability=".15"/>
		</fromEdge>
		<fromEdge id="gneE17">
			<toEdge id="gneE18" probability=".1"/>
			<toEdge id="gneE10" probability=".7"/>
			<toEdge id="gneE20" probability=".15"/>
		</fromEdge>
		<fromEdge id="gneE19">
			<toEdge id="gneE16" probability=".1"/>
			<toEdge id="gneE10" probability=".7"/>
			<toEdge id="gneE20" probability=".15"/>
		</fromEdge>
		<fromEdge id="gneE21">
			<toEdge id="gneE16" probability=".1"/>
			<toEdge id="gneE10" probability=".7"/>
			<toEdge id="gneE18" probability=".15"/>
		</fromEdge>
	</interval>
</turns>