<additional xmlns:xsi="http://www.w3.org/2001/XMLSchema-instance" xsi:noNamespaceSchemaLocation="http://sumo.dlr.de/xsd/additional_file.xsd">
    <laneAreaDetector file="e2output.xml" freq="60" friendlyPos="x" id="e2det_gneE1_0" lane="gneE1_0" length="186.3" pos="0"/>
    <laneAreaDetector file="e2output.xml" freq="60" friendlyPos="x" id="e2det_gneE1_1" lane="gneE1_1" length="186.3" pos="0"/>
    <laneAreaDetector file="e2output.xml" freq="60" friendlyPos="x" id="e2det_gneE1_2" lane="gneE1_2" length="186.3" pos="0"/>
    <laneAreaDetector file="e2output.xml" freq="60" friendlyPos="x" id="e2det_gneE3_0" lane="gneE3_0" length="172.70000000000002" pos="0"/>
    <laneAreaDetector file="e2output.xml" freq="60" friendlyPos="x" id="e2det_gneE3_1" lane="gneE3_1" length="172.70000000000002" pos="0"/>
    <laneAreaDetector file="e2output.xml" freq="60" friendlyPos="x" id="e2det_gneE3_2" lane="gneE3_2" length="172.70000000000002" pos="0"/>
    <laneAreaDetector file="e2output.xml" freq="60" friendlyPos="x" id="e2det_gneE5_0" lane="gneE5_0" length="186.3" pos="0"/>
    <laneAreaDetector file="e2output.xml" freq="60" friendlyPos="x" id="e2det_gneE5_1" lane="gneE5_1" length="186.3" pos="0"/>
    <laneAreaDetector file="e2output.xml" freq="60" friendlyPos="x" id="e2det_gneE5_2" lane="gneE5_2" length="186.3" pos="0"/>
    <laneAreaDetector file="e2output.xml" freq="60" friendlyPos="x" id="e2det_gneE8_0" lane="gneE8_0" length="186.3" pos="0"/>
    <laneAreaDetector file="e2output.xml" freq="60" friendlyPos="x" id="e2det_gneE8_1" lane="gneE8_1" length="186.3" pos="0"/>
    <laneAreaDetector file="e2output.xml" freq="60" friendlyPos="x" id="e2det_gneE8_2" lane="gneE8_2" length="186.3" pos="0"/>
    <laneAreaDetector file="e2output.xml" freq="60" friendlyPos="x" id="e2det_gneE10_0" lane="gneE10_0" length="172.70000000000002" pos="0"/>
    <laneAreaDetector file="e2output.xml" freq="60" friendlyPos="x" id="e2det_gneE10_1" lane="gneE10_1" length="172.70000000000002" pos="0"/>
    <laneAreaDetector file="e2output.xml" freq="60" friendlyPos="x" id="e2det_gneE10_2" lane="gneE10_2" length="172.70000000000002" pos="0"/>
    <laneAreaDetector file="e2output.xml" freq="60" friendlyPos="x" id="e2det_gneE12_0" lane="gneE12_0" length="186.3" pos="0"/>
    <laneAreaDetector file="e2output.xml" freq="60" friendlyPos="x" id="e2det_gneE12_1" lane="gneE12_1" length="186.3" pos="0"/>
    <laneAreaDetector file="e2output.xml" freq="60" friendlyPos="x" id="e2det_gneE12_2" lane="gneE12_2" length="186.3" pos="0"/>
    <laneAreaDetector file="e2output.xml" freq="60" friendlyPos="x" id="e2det_gneE15_0" lane="gneE15_0" length="186.3" pos="0"/>
    <laneAreaDetector file="e2output.xml" freq="60" friendlyPos="x" id="e2det_gneE15_1" lane="gneE15_1" length="186.3" pos="0"/>
    <laneAreaDetector file="e2output.xml" freq="60" friendlyPos="x" id="e2det_gneE15_2" lane="gneE15_2" length="186.3" pos="0"/>
    <laneAreaDetector file="e2output.xml" freq="60" friendlyPos="x" id="e2det_gneE2_0" lane="gneE2_0" length="172.70000000000002" pos="0"/>
    <laneAreaDetector file="e2output.xml" freq="60" friendlyPos="x" id="e2det_gneE2_1" lane="gneE2_1" length="172.70000000000002" pos="0"/>
    <laneAreaDetector file="e2output.xml" freq="60" friendlyPos="x" id="e2det_gneE2_2" lane="gneE2_2" length="172.70000000000002" pos="0"/>
    <laneAreaDetector file="e2output.xml" freq="60" friendlyPos="x" id="e2det_gneE17_0" lane="gneE17_0" length="186.3" pos="0"/>
    <laneAreaDetector file="e2output.xml" freq="60" friendlyPos="x" id="e2det_gneE17_1" lane="gneE17_1" length="186.3" pos="0"/>
    <laneAreaDetector file="e2output.xml" freq="60" friendlyPos="x" id="e2det_gneE17_2" lane="gneE17_2" length="186.3" pos="0"/>
    <laneAreaDetector file="e2output.xml" freq="60" friendlyPos="x" id="e2det_gneE19_0" lane="gneE19_0" length="186.3" pos="0"/>
    <laneAreaDetector file="e2output.xml" freq="60" friendlyPos="x" id="e2det_gneE19_1" lane="gneE19_1" length="186.3" pos="0"/>
    <laneAreaDetector file="e2output.xml" freq="60" friendlyPos="x" id="e2det_gneE19_2" lane="gneE19_2" length="186.3" pos="0"/>
    <laneAreaDetector file="e2output.xml" freq="60" friendlyPos="x" id="e2det_gneE21_0" lane="gneE21_0" length="186.3" pos="0"/>
    <laneAreaDetector file="e2output.xml" freq="60" friendlyPos="x" id="e2det_gneE21_1" lane="gneE21_1" length="186.3" pos="0"/>
    <laneAreaDetector file="e2output.xml" freq="60" friendlyPos="x" id="e2det_gneE21_2" lane="gneE21_2" length="186.3" pos="0"/>
    <laneAreaDetector file="e2output.xml" freq="60" friendlyPos="x" id="e2det_gneE9_0" lane="gneE9_0" length="172.70000000000002" pos="0"/>
    <laneAreaDetector file="e2output.xml" freq="60" friendlyPos="x" id="e2det_gneE9_1" lane="gneE9_1" length="172.70000000000002" pos="0"/>
    <laneAreaDetector file="e2output.xml" freq="60" friendlyPos="x" id="e2det_gneE9_2" lane="gneE9_2" length="172.70000000000002" pos="0"/>
</additional>
