<?xml version="1.0" encoding="UTF-8"?>

<!-- generated on 06/11/21 10:34:46 by Eclipse SUMO GUI Version 1.3.1
<configuration xmlns:xsi="http://www.w3.org/2001/XMLSchema-instance" xsi:noNamespaceSchemaLocation="http://sumo.dlr.de/xsd/sumoConfiguration.xsd">

    <input>
        <net-file value="./3nodes/3nodes.net.xml"/>
        <route-files value="./3nodes/3nodes.rou.xml"/>
        <additional-files value="./3nodes/3nodes.detector2.add.xml"/>
    </input>

    <time>
        <begin value="0"/>
        <end value="3600"/>
    </time>

    <traci_server>
        <remote-port value="49252"/>
    </traci_server>

    <gui_only>
        <start value="true"/>
    </gui_only>

</configuration>
