<?xml version="1.0" encoding="UTF-8"?>

<!-- generated on 01/19/21 18:36:30 by Eclipse SUMO netedit Version 1.8.0
<configuration xmlns:xsi="http://www.w3.org/2001/XMLSchema-instance" xsi:noNamespaceSchemaLocation="http://sumo.dlr.de/xsd/netconvertConfiguration.xsd">

    <output>
        <output-file value="C:\Users\16542\Desktop\3nodes\3nodes.net.xml"/>
    </output>

    <processing>
        <offset.disable-normalization value="true"/>
    </processing>

    <junctions>
        <no-turnarounds value="true"/>
    </junctions>

    <report>
        <aggregate-warnings value="5"/>
    </report>

</configuration>
-->

<net version="1.6" junctionCornerDetail="5" limitTurnSpeed="5.50" xmlns:xsi="http://www.w3.org/2001/XMLSchema-instance" xsi:noNamespaceSchemaLocation="http://sumo.dlr.de/xsd/net_file.xsd">

    <location netOffset="0.00,0.00" convBoundary="-200.00,-100.00,600.00,300.00" origBoundary="10000000000.00,10000000000.00,-10000000000.00,-10000000000.00" projParameter="!"/>

    <edge id=":J1_0" function="internal">
        <lane id=":J1_0_0" index="0" speed="6.51" length="9.03" shape="-8.00,113.60 -8.35,111.15 -9.40,109.40 -11.15,108.35 -13.60,108.00"/>
    </edge>
    <edge id=":J1_1" function="internal">
        <lane id=":J1_1_0" index="0" speed="13.89" length="27.20" shape="-4.80,113.60 -4.80,86.40"/>
    </edge>
    <edge id=":J1_2" function="internal">
        <lane id=":J1_2_0" index="0" speed="10.36" length="24.51" shape="-1.60,113.60 -0.65,106.95 2.20,102.20 6.95,99.35 13.60,98.40"/>
    </edge>
    <edge id=":J1_3" function="internal">
        <lane id=":J1_3_0" index="0" speed="6.51" length="9.03" shape="13.60,108.00 11.15,108.35 9.40,109.40 8.35,111.15 8.00,113.60"/>
    </edge>
    <edge id=":J1_4" function="internal">
        <lane id=":J1_4_0" index="0" speed="13.89" length="27.20" shape="13.60,104.80 -13.60,104.80"/>
    </edge>
    <edge id=":J1_5" function="internal">
        <lane id=":J1_5_0" index="0" speed="10.36" length="24.51" shape="13.60,101.60 6.95,100.65 2.20,97.80 -0.65,93.05 -1.60,86.40"/>
    </edge>
    <edge id=":J1_6" function="internal">
        <lane id=":J1_6_0" index="0" speed="6.51" length="9.03" shape="8.00,86.40 8.35,88.85 9.40,90.60 11.15,91.65 13.60,92.00"/>
    </edge>
    <edge id=":J1_7" function="internal">
        <lane id=":J1_7_0" index="0" speed="13.89" length="27.20" shape="4.80,86.40 4.80,113.60"/>
    </edge>
    <edge id=":J1_8" function="internal">
        <lane id=":J1_8_0" index="0" speed="10.36" length="24.51" shape="1.60,86.40 0.65,93.05 -2.20,97.80 -6.95,100.65 -13.60,101.60"/>
    </edge>
    <edge id=":J1_9" function="internal">
        <lane id=":J1_9_0" index="0" speed="6.51" length="9.03" shape="-13.60,92.00 -11.15,91.65 -9.40,90.60 -8.35,88.85 -8.00,86.40"/>
    </edge>
    <edge id=":J1_10" function="internal">
        <lane id=":J1_10_0" index="0" speed="13.89" length="27.20" shape="-13.60,95.20 13.60,95.20"/>
    </edge>
    <edge id=":J1_11" function="internal">
        <lane id=":J1_11_0" index="0" speed="10.36" length="24.51" shape="-13.60,98.40 -6.95,99.35 -2.20,102.20 0.65,106.95 1.60,113.60"/>
    </edge>
    <edge id=":J2_0" function="internal">
        <lane id=":J2_0_0" index="0" speed="6.51" length="9.03" shape="192.00,113.60 191.65,111.15 190.60,109.40 188.85,108.35 186.40,108.00"/>
    </edge>
    <edge id=":J2_1" function="internal">
        <lane id=":J2_1_0" index="0" speed="13.89" length="27.20" shape="195.20,113.60 195.20,86.40"/>
    </edge>
    <edge id=":J2_2" function="internal">
        <lane id=":J2_2_0" index="0" speed="10.36" length="24.51" shape="198.40,113.60 199.35,106.95 202.20,102.20 206.95,99.35 213.60,98.40"/>
    </edge>
    <edge id=":J2_3" function="internal">
        <lane id=":J2_3_0" index="0" speed="6.51" length="9.03" shape="213.60,108.00 211.15,108.35 209.40,109.40 208.35,111.15 208.00,113.60"/>
    </edge>
    <edge id=":J2_4" function="internal">
        <lane id=":J2_4_0" index="0" speed="13.89" length="27.20" shape="213.60,104.80 186.40,104.80"/>
    </edge>
    <edge id=":J2_5" function="internal">
        <lane id=":J2_5_0" index="0" speed="10.36" length="24.51" shape="213.60,101.60 206.95,100.65 202.20,97.80 199.35,93.05 198.40,86.40"/>
    </edge>
    <edge id=":J2_6" function="internal">
        <lane id=":J2_6_0" index="0" speed="6.51" length="9.03" shape="208.00,86.40 208.35,88.85 209.40,90.60 211.15,91.65 213.60,92.00"/>
    </edge>
    <edge id=":J2_7" function="internal">
        <lane id=":J2_7_0" index="0" speed="13.89" length="27.20" shape="204.80,86.40 204.80,113.60"/>
    </edge>
    <edge id=":J2_8" function="internal">
        <lane id=":J2_8_0" index="0" speed="10.36" length="24.51" shape="201.60,86.40 200.65,93.05 197.80,97.80 193.05,100.65 186.40,101.60"/>
    </edge>
    <edge id=":J2_9" function="internal">
        <lane id=":J2_9_0" index="0" speed="6.51" length="9.03" shape="186.40,92.00 188.85,91.65 190.60,90.60 191.65,88.85 192.00,86.40"/>
    </edge>
    <edge id=":J2_10" function="internal">
        <lane id=":J2_10_0" index="0" speed="13.89" length="27.20" shape="186.40,95.20 213.60,95.20"/>
    </edge>
    <edge id=":J2_11" function="internal">
        <lane id=":J2_11_0" index="0" speed="10.36" length="24.51" shape="186.40,98.40 193.05,99.35 197.80,102.20 200.65,106.95 201.60,113.60"/>
    </edge>
    <edge id=":J3_0" function="internal">
        <lane id=":J3_0_0" index="0" speed="6.51" length="9.03" shape="392.00,113.60 391.65,111.15 390.60,109.40 388.85,108.35 386.40,108.00"/>
    </edge>
    <edge id=":J3_1" function="internal">
        <lane id=":J3_1_0" index="0" speed="13.89" length="27.20" shape="395.20,113.60 395.20,86.40"/>
    </edge>
    <edge id=":J3_2" function="internal">
        <lane id=":J3_2_0" index="0" speed="10.36" length="24.51" shape="398.40,113.60 399.35,106.95 402.20,102.20 406.95,99.35 413.60,98.40"/>
    </edge>
    <edge id=":J3_3" function="internal">
        <lane id=":J3_3_0" index="0" speed="6.51" length="9.03" shape="413.60,108.00 411.15,108.35 409.40,109.40 408.35,111.15 408.00,113.60"/>
    </edge>
    <edge id=":J3_4" function="internal">
        <lane id=":J3_4_0" index="0" speed="13.89" length="27.20" shape="413.60,104.80 386.40,104.80"/>
    </edge>
    <edge id=":J3_5" function="internal">
        <lane id=":J3_5_0" index="0" speed="10.36" length="24.51" shape="413.60,101.60 406.95,100.65 402.20,97.80 399.35,93.05 398.40,86.40"/>
    </edge>
    <edge id=":J3_6" function="internal">
        <lane id=":J3_6_0" index="0" speed="6.51" length="9.03" shape="408.00,86.40 408.35,88.85 409.40,90.60 411.15,91.65 413.60,92.00"/>
    </edge>
    <edge id=":J3_7" function="internal">
        <lane id=":J3_7_0" index="0" speed="13.89" length="27.20" shape="404.80,86.40 404.80,113.60"/>
    </edge>
    <edge id=":J3_8" function="internal">
        <lane id=":J3_8_0" index="0" speed="10.36" length="24.51" shape="401.60,86.40 400.65,93.05 397.80,97.80 393.05,100.65 386.40,101.60"/>
    </edge>
    <edge id=":J3_9" function="internal">
        <lane id=":J3_9_0" index="0" speed="6.51" length="9.03" shape="386.40,92.00 388.85,91.65 390.60,90.60 391.65,88.85 392.00,86.40"/>
    </edge>
    <edge id=":J3_10" function="internal">
        <lane id=":J3_10_0" index="0" speed="13.89" length="27.20" shape="386.40,95.20 413.60,95.20"/>
    </edge>
    <edge id=":J3_11" function="internal">
        <lane id=":J3_11_0" index="0" speed="10.36" length="24.51" shape="386.40,98.40 393.05,99.35 397.80,102.20 400.65,106.95 401.60,113.60"/>
    </edge>

    <edge id="gneE0" from="J1" to="gneJ1" priority="-1">
        <lane id="gneE0_0" index="0" speed="13.89" length="186.40" shape="-13.60,108.00 -200.00,108.00"/>
        <lane id="gneE0_1" index="1" speed="13.89" length="186.40" shape="-13.60,104.80 -200.00,104.80"/>
        <lane id="gneE0_2" index="2" speed="13.89" length="186.40" shape="-13.60,101.60 -200.00,101.60"/>
    </edge>
    <edge id="gneE1" from="gneJ1" to="J1" priority="-1">
        <lane id="gneE1_0" index="0" speed="13.89" length="186.40" shape="-200.00,92.00 -13.60,92.00"/>
        <lane id="gneE1_1" index="1" speed="13.89" length="186.40" shape="-200.00,95.20 -13.60,95.20"/>
        <lane id="gneE1_2" index="2" speed="13.89" length="186.40" shape="-200.00,98.40 -13.60,98.40"/>
    </edge>
    <edge id="gneE10" from="J3" to="J2" priority="-1">
        <lane id="gneE10_0" index="0" speed="13.89" length="172.80" shape="386.40,108.00 213.60,108.00"/>
        <lane id="gneE10_1" index="1" speed="13.89" length="172.80" shape="386.40,104.80 213.60,104.80"/>
        <lane id="gneE10_2" index="2" speed="13.89" length="172.80" shape="386.40,101.60 213.60,101.60"/>
    </edge>
    <edge id="gneE11" from="J2" to="gneJ7" priority="-1">
        <lane id="gneE11_0" index="0" speed="13.89" length="186.40" shape="208.00,113.60 208.00,300.00"/>
        <lane id="gneE11_1" index="1" speed="13.89" length="186.40" shape="204.80,113.60 204.80,300.00"/>
        <lane id="gneE11_2" index="2" speed="13.89" length="186.40" shape="201.60,113.60 201.60,300.00"/>
    </edge>
    <edge id="gneE12" from="gneJ7" to="J2" priority="-1">
        <lane id="gneE12_0" index="0" speed="13.89" length="186.40" shape="192.00,300.00 192.00,113.60"/>
        <lane id="gneE12_1" index="1" speed="13.89" length="186.40" shape="195.20,300.00 195.20,113.60"/>
        <lane id="gneE12_2" index="2" speed="13.89" length="186.40" shape="198.40,300.00 198.40,113.60"/>
    </edge>
    <edge id="gneE14" from="J2" to="gneJ9" priority="-1">
        <lane id="gneE14_0" index="0" speed="13.89" length="186.40" shape="192.00,86.40 192.00,-100.00"/>
        <lane id="gneE14_1" index="1" speed="13.89" length="186.40" shape="195.20,86.40 195.20,-100.00"/>
        <lane id="gneE14_2" index="2" speed="13.89" length="186.40" shape="198.40,86.40 198.40,-100.00"/>
    </edge>
    <edge id="gneE15" from="gneJ9" to="J2" priority="-1">
        <lane id="gneE15_0" index="0" speed="13.89" length="186.40" shape="208.00,-100.00 208.00,86.40"/>
        <lane id="gneE15_1" index="1" speed="13.89" length="186.40" shape="204.80,-100.00 204.80,86.40"/>
        <lane id="gneE15_2" index="2" speed="13.89" length="186.40" shape="201.60,-100.00 201.60,86.40"/>
    </edge>
    <edge id="gneE16" from="J3" to="gneJ10" priority="-1">
        <lane id="gneE16_0" index="0" speed="13.89" length="186.40" shape="413.60,92.00 600.00,92.00"/>
        <lane id="gneE16_1" index="1" speed="13.89" length="186.40" shape="413.60,95.20 600.00,95.20"/>
        <lane id="gneE16_2" index="2" speed="13.89" length="186.40" shape="413.60,98.40 600.00,98.40"/>
    </edge>
    <edge id="gneE17" from="gneJ10" to="J3" priority="-1">
        <lane id="gneE17_0" index="0" speed="13.89" length="186.40" shape="600.00,108.00 413.60,108.00"/>
        <lane id="gneE17_1" index="1" speed="13.89" length="186.40" shape="600.00,104.80 413.60,104.80"/>
        <lane id="gneE17_2" index="2" speed="13.89" length="186.40" shape="600.00,101.60 413.60,101.60"/>
    </edge>
    <edge id="gneE18" from="J3" to="gneJ11" priority="-1">
        <lane id="gneE18_0" index="0" speed="13.89" length="186.40" shape="408.00,113.60 408.00,300.00"/>
        <lane id="gneE18_1" index="1" speed="13.89" length="186.40" shape="404.80,113.60 404.80,300.00"/>
        <lane id="gneE18_2" index="2" speed="13.89" length="186.40" shape="401.60,113.60 401.60,300.00"/>
    </edge>
    <edge id="gneE19" from="gneJ11" to="J3" priority="-1">
        <lane id="gneE19_0" index="0" speed="13.89" length="186.40" shape="392.00,300.00 392.00,113.60"/>
        <lane id="gneE19_1" index="1" speed="13.89" length="186.40" shape="395.20,300.00 395.20,113.60"/>
        <lane id="gneE19_2" index="2" speed="13.89" length="186.40" shape="398.40,300.00 398.40,113.60"/>
    </edge>
    <edge id="gneE2" from="J1" to="J2" priority="-1">
        <lane id="gneE2_0" index="0" speed="13.89" length="172.80" shape="13.60,92.00 186.40,92.00"/>
        <lane id="gneE2_1" index="1" speed="13.89" length="172.80" shape="13.60,95.20 186.40,95.20"/>
        <lane id="gneE2_2" index="2" speed="13.89" length="172.80" shape="13.60,98.40 186.40,98.40"/>
    </edge>
    <edge id="gneE20" from="J3" to="gneJ12" priority="-1">
        <lane id="gneE20_0" index="0" speed="13.89" length="186.40" shape="392.00,86.40 392.00,-100.00"/>
        <lane id="gneE20_1" index="1" speed="13.89" length="186.40" shape="395.20,86.40 395.20,-100.00"/>
        <lane id="gneE20_2" index="2" speed="13.89" length="186.40" shape="398.40,86.40 398.40,-100.00"/>
    </edge>
    <edge id="gneE21" from="gneJ12" to="J3" priority="-1">
        <lane id="gneE21_0" index="0" speed="13.89" length="186.40" shape="408.00,-100.00 408.00,86.40"/>
        <lane id="gneE21_1" index="1" speed="13.89" length="186.40" shape="404.80,-100.00 404.80,86.40"/>
        <lane id="gneE21_2" index="2" speed="13.89" length="186.40" shape="401.60,-100.00 401.60,86.40"/>
    </edge>
    <edge id="gneE3" from="J2" to="J1" priority="-1">
        <lane id="gneE3_0" index="0" speed="13.89" length="172.80" shape="186.40,108.00 13.60,108.00"/>
        <lane id="gneE3_1" index="1" speed="13.89" length="172.80" shape="186.40,104.80 13.60,104.80"/>
        <lane id="gneE3_2" index="2" speed="13.89" length="172.80" shape="186.40,101.60 13.60,101.60"/>
    </edge>
    <edge id="gneE4" from="J1" to="gneJ3" priority="-1">
        <lane id="gneE4_0" index="0" speed="13.89" length="186.40" shape="-8.00,86.40 -8.00,-100.00"/>
        <lane id="gneE4_1" index="1" speed="13.89" length="186.40" shape="-4.80,86.40 -4.80,-100.00"/>
        <lane id="gneE4_2" index="2" speed="13.89" length="186.40" shape="-1.60,86.40 -1.60,-100.00"/>
    </edge>
    <edge id="gneE5" from="gneJ3" to="J1" priority="-1">
        <lane id="gneE5_0" index="0" speed="13.89" length="186.40" shape="8.00,-100.00 8.00,86.40"/>
        <lane id="gneE5_1" index="1" speed="13.89" length="186.40" shape="4.80,-100.00 4.80,86.40"/>
        <lane id="gneE5_2" index="2" speed="13.89" length="186.40" shape="1.60,-100.00 1.60,86.40"/>
    </edge>
    <edge id="gneE7" from="J1" to="gneJ5" priority="-1">
        <lane id="gneE7_0" index="0" speed="13.89" length="186.40" shape="8.00,113.60 8.00,300.00"/>
        <lane id="gneE7_1" index="1" speed="13.89" length="186.40" shape="4.80,113.60 4.80,300.00"/>
        <lane id="gneE7_2" index="2" speed="13.89" length="186.40" shape="1.60,113.60 1.60,300.00"/>
    </edge>
    <edge id="gneE8" from="gneJ5" to="J1" priority="-1">
        <lane id="gneE8_0" index="0" speed="13.89" length="186.40" shape="-8.00,300.00 -8.00,113.60"/>
        <lane id="gneE8_1" index="1" speed="13.89" length="186.40" shape="-4.80,300.00 -4.80,113.60"/>
        <lane id="gneE8_2" index="2" speed="13.89" length="186.40" shape="-1.60,300.00 -1.60,113.60"/>
    </edge>
    <edge id="gneE9" from="J2" to="J3" priority="-1">
        <lane id="gneE9_0" index="0" speed="13.89" length="172.80" shape="213.60,92.00 386.40,92.00"/>
        <lane id="gneE9_1" index="1" speed="13.89" length="172.80" shape="213.60,95.20 386.40,95.20"/>
        <lane id="gneE9_2" index="2" speed="13.89" length="172.80" shape="213.60,98.40 386.40,98.40"/>
    </edge>

    <tlLogic id="J2" type="static" programID="0" offset="0">
        <phase duration="22" state="GGrGrrGGrGrr"/>
        <phase duration="3"  state="GYrGrrGYrGrr"/>
        <phase duration="22" state="GrGGrrGrGGrr"/>
        <phase duration="3"  state="GryGrrGryGrr"/>
        <phase duration="22" state="GrrGGrGrrGGr"/>
        <phase duration="3"  state="GrrGyrGrrGyr"/>
        <phase duration="22" state="GrrGrGGrrGrG"/>
        <phase duration="3"  state="GrrGryGrrGry"/>
    </tlLogic>
    <tlLogic id="J3" type="static" programID="0" offset="0">
        <phase duration="22" state="GGrGrrGGrGrr"/>
        <phase duration="3"  state="GyrGrrGyrGrr"/>
        <phase duration="22" state="GrGGrrGrGGrr"/>
        <phase duration="3"  state="GryGrrGryGrr"/>
        <phase duration="22" state="GrrGGrGrrGGr"/>
        <phase duration="3"  state="GrrGyrGrrGyr"/>
        <phase duration="22" state="GrrGrGGrrGrG"/>
        <phase duration="3"  state="GrrGryGrrGry"/>
    </tlLogic>
    <tlLogic id="gneJ0" type="static" programID="0" offset="0">
        <phase duration="22" state="GGrGrrGGrGrr"/>
        <phase duration="3"  state="GyrGrrGyrGrr"/>
        <phase duration="22" state="GrgGrrGrgGrr"/>
        <phase duration="3"  state="GryGrrGryGrr"/>
        <phase duration="22" state="GrrGGrGrrGGr"/>
        <phase duration="3"  state="GrrGyrGrrGyr"/>
        <phase duration="22" state="GrrGrGGrrGrG"/>
        <phase duration="3"  state="GrrGryGrrGry"/>
    </tlLogic>
    <tlLogic id="gneJ0" type="static" programID="1" offset="0">
        <phase duration="22" state="GGrGrrGGrGrr"/>
        <phase duration="3"  state="GyrGrrGyrGrr"/>
        <phase duration="22" state="GrgGrrGrgGrr"/>
        <phase duration="3"  state="GryGrrGryGrr"/>
        <phase duration="22" state="GrrGGrGrrGGr"/>
        <phase duration="3"  state="GrrGyrGrrGyr"/>
        <phase duration="22" state="GrrGrGGrrGrG"/>
        <phase duration="3"  state="GrrGryGrrGry"/>
    </tlLogic>

    <junction id="J1" type="traffic_light" x="0.00" y="100.00" incLanes="gneE8_0 gneE8_1 gneE8_2 gneE3_0 gneE3_1 gneE3_2 gneE5_0 gneE5_1 gneE5_2 gneE1_0 gneE1_1 gneE1_2" intLanes=":J1_0_0 :J1_1_0 :J1_2_0 :J1_3_0 :J1_4_0 :J1_5_0 :J1_6_0 :J1_7_0 :J1_8_0 :J1_9_0 :J1_10_0 :J1_11_0" shape="-9.60,113.60 9.60,113.60 10.04,111.38 10.60,110.60 11.38,110.04 12.38,109.71 13.60,109.60 13.60,90.40 11.38,89.96 10.60,89.40 10.04,88.62 9.71,87.62 9.60,86.40 -9.60,86.40 -10.04,88.62 -10.60,89.40 -11.38,89.96 -12.38,90.29 -13.60,90.40 -13.60,109.60 -11.38,110.04 -10.60,110.60 -10.04,111.38 -9.71,112.38">
        <request index="0"  response="000000000000" foes="000000000000" cont="0"/>
        <request index="1"  response="000000000000" foes="110100010000" cont="0"/>
        <request index="2"  response="000010000000" foes="100010110000" cont="0"/>
        <request index="3"  response="000000000000" foes="000000000000" cont="0"/>
        <request index="4"  response="000010000110" foes="100010000110" cont="0"/>
        <request index="5"  response="010110000100" foes="010110000100" cont="0"/>
        <request index="6"  response="000000000000" foes="000000000000" cont="0"/>
        <request index="7"  response="000000000000" foes="010000110100" cont="0"/>
        <request index="8"  response="000000000010" foes="110000100010" cont="0"/>
        <request index="9"  response="000000000000" foes="000000000000" cont="0"/>
        <request index="10" response="000110000010" foes="000110100010" cont="0"/>
        <request index="11" response="000100010110" foes="000100010110" cont="0"/>
    </junction>
    <junction id="J2" type="traffic_light" x="200.00" y="100.00" incLanes="gneE12_0 gneE12_1 gneE12_2 gneE10_0 gneE10_1 gneE10_2 gneE15_0 gneE15_1 gneE15_2 gneE2_0 gneE2_1 gneE2_2" intLanes=":J2_0_0 :J2_1_0 :J2_2_0 :J2_3_0 :J2_4_0 :J2_5_0 :J2_6_0 :J2_7_0 :J2_8_0 :J2_9_0 :J2_10_0 :J2_11_0" shape="190.40,113.60 209.60,113.60 210.04,111.38 210.60,110.60 211.38,110.04 212.38,109.71 213.60,109.60 213.60,90.40 211.38,89.96 210.60,89.40 210.04,88.62 209.71,87.62 209.60,86.40 190.40,86.40 189.96,88.62 189.40,89.40 188.62,89.96 187.62,90.29 186.40,90.40 186.40,109.60 188.62,110.04 189.40,110.60 189.96,111.38 190.29,112.38">
        <request index="0"  response="000000000000" foes="000000000000" cont="0"/>
        <request index="1"  response="000000000000" foes="110100010000" cont="0"/>
        <request index="2"  response="000010000000" foes="100010110000" cont="0"/>
        <request index="3"  response="000000000000" foes="000000000000" cont="0"/>
        <request index="4"  response="000010000110" foes="100010000110" cont="0"/>
        <request index="5"  response="010110000100" foes="010110000100" cont="0"/>
        <request index="6"  response="000000000000" foes="000000000000" cont="0"/>
        <request index="7"  response="000000000000" foes="010000110100" cont="0"/>
        <request index="8"  response="000000000010" foes="110000100010" cont="0"/>
        <request index="9"  response="000000000000" foes="000000000000" cont="0"/>
        <request index="10" response="000110000010" foes="000110100010" cont="0"/>
        <request index="11" response="000100010110" foes="000100010110" cont="0"/>
    </junction>
    <junction id="J3" type="traffic_light" x="400.00" y="100.00" incLanes="gneE19_0 gneE19_1 gneE19_2 gneE17_0 gneE17_1 gneE17_2 gneE21_0 gneE21_1 gneE21_2 gneE9_0 gneE9_1 gneE9_2" intLanes=":J3_0_0 :J3_1_0 :J3_2_0 :J3_3_0 :J3_4_0 :J3_5_0 :J3_6_0 :J3_7_0 :J3_8_0 :J3_9_0 :J3_10_0 :J3_11_0" shape="390.40,113.60 409.60,113.60 410.04,111.38 410.60,110.60 411.38,110.04 412.38,109.71 413.60,109.60 413.60,90.40 411.38,89.96 410.60,89.40 410.04,88.62 409.71,87.62 409.60,86.40 390.40,86.40 389.96,88.62 389.40,89.40 388.62,89.96 387.62,90.29 386.40,90.40 386.40,109.60 388.62,110.04 389.40,110.60 389.96,111.38 390.29,112.38">
        <request index="0"  response="000000000000" foes="000000000000" cont="0"/>
        <request index="1"  response="000000000000" foes="110100010000" cont="0"/>
        <request index="2"  response="000010000000" foes="100010110000" cont="0"/>
        <request index="3"  response="000000000000" foes="000000000000" cont="0"/>
        <request index="4"  response="000010000110" foes="100010000110" cont="0"/>
        <request index="5"  response="010110000100" foes="010110000100" cont="0"/>
        <request index="6"  response="000000000000" foes="000000000000" cont="0"/>
        <request index="7"  response="000000000000" foes="010000110100" cont="0"/>
        <request index="8"  response="000000000010" foes="110000100010" cont="0"/>
        <request index="9"  response="000000000000" foes="000000000000" cont="0"/>
        <request index="10" response="000110000010" foes="000110100010" cont="0"/>
        <request index="11" response="000100010110" foes="000100010110" cont="0"/>
    </junction>
    <junction id="gneJ1" type="dead_end" x="-200.00" y="100.00" incLanes="gneE0_0 gneE0_1 gneE0_2" intLanes="" shape="-200.00,100.00 -200.00,109.60 -200.00,100.00"/>
    <junction id="gneJ10" type="dead_end" x="600.00" y="100.00" incLanes="gneE16_0 gneE16_1 gneE16_2" intLanes="" shape="600.00,100.00 600.00,90.40 600.00,100.00"/>
    <junction id="gneJ11" type="dead_end" x="400.00" y="300.00" incLanes="gneE18_0 gneE18_1 gneE18_2" intLanes="" shape="400.00,300.00 409.60,300.00 400.00,300.00"/>
    <junction id="gneJ12" type="dead_end" x="400.00" y="-100.00" incLanes="gneE20_0 gneE20_1 gneE20_2" intLanes="" shape="400.00,-100.00 390.40,-100.00 400.00,-100.00"/>
    <junction id="gneJ3" type="dead_end" x="0.00" y="-100.00" incLanes="gneE4_0 gneE4_1 gneE4_2" intLanes="" shape="0.00,-100.00 -9.60,-100.00 0.00,-100.00"/>
    <junction id="gneJ5" type="dead_end" x="0.00" y="300.00" incLanes="gneE7_0 gneE7_1 gneE7_2" intLanes="" shape="0.00,300.00 9.60,300.00 0.00,300.00"/>
    <junction id="gneJ7" type="dead_end" x="200.00" y="300.00" incLanes="gneE11_0 gneE11_1 gneE11_2" intLanes="" shape="200.00,300.00 209.60,300.00 200.00,300.00"/>
    <junction id="gneJ9" type="dead_end" x="200.00" y="-100.00" incLanes="gneE14_0 gneE14_1 gneE14_2" intLanes="" shape="200.00,-100.00 190.40,-100.00 200.00,-100.00"/>

    <connection from="gneE1" to="gneE4" fromLane="0" toLane="0" via=":J1_9_0" tl="gneJ0" linkIndex="9" dir="r" state="O"/>
    <connection from="gneE1" to="gneE2" fromLane="1" toLane="1" via=":J1_10_0" tl="gneJ0" linkIndex="10" dir="s" state="o"/>
    <connection from="gneE1" to="gneE7" fromLane="2" toLane="2" via=":J1_11_0" tl="gneJ0" linkIndex="11" dir="l" state="o"/>
    <connection from="gneE10" to="gneE11" fromLane="0" toLane="0" via=":J2_3_0" tl="J2" linkIndex="3" dir="r" state="O"/>
    <connection from="gneE10" to="gneE3" fromLane="1" toLane="1" via=":J2_4_0" tl="J2" linkIndex="4" dir="s" state="o"/>
    <connection from="gneE10" to="gneE14" fromLane="2" toLane="2" via=":J2_5_0" tl="J2" linkIndex="5" dir="l" state="o"/>
    <connection from="gneE12" to="gneE3" fromLane="0" toLane="0" via=":J2_0_0" tl="J2" linkIndex="0" dir="r" state="O"/>
    <connection from="gneE12" to="gneE14" fromLane="1" toLane="1" via=":J2_1_0" tl="J2" linkIndex="1" dir="s" state="O"/>
    <connection from="gneE12" to="gneE9" fromLane="2" toLane="2" via=":J2_2_0" tl="J2" linkIndex="2" dir="l" state="o"/>
    <connection from="gneE15" to="gneE9" fromLane="0" toLane="0" via=":J2_6_0" tl="J2" linkIndex="6" dir="r" state="O"/>
    <connection from="gneE15" to="gneE11" fromLane="1" toLane="1" via=":J2_7_0" tl="J2" linkIndex="7" dir="s" state="O"/>
    <connection from="gneE15" to="gneE3" fromLane="2" toLane="2" via=":J2_8_0" tl="J2" linkIndex="8" dir="l" state="o"/>
    <connection from="gneE17" to="gneE18" fromLane="0" toLane="0" via=":J3_3_0" tl="J3" linkIndex="3" dir="r" state="O"/>
    <connection from="gneE17" to="gneE10" fromLane="1" toLane="1" via=":J3_4_0" tl="J3" linkIndex="4" dir="s" state="o"/>
    <connection from="gneE17" to="gneE20" fromLane="2" toLane="2" via=":J3_5_0" tl="J3" linkIndex="5" dir="l" state="o"/>
    <connection from="gneE19" to="gneE10" fromLane="0" toLane="0" via=":J3_0_0" tl="J3" linkIndex="0" dir="r" state="O"/>
    <connection from="gneE19" to="gneE20" fromLane="1" toLane="1" via=":J3_1_0" tl="J3" linkIndex="1" dir="s" state="O"/>
    <connection from="gneE19" to="gneE16" fromLane="2" toLane="2" via=":J3_2_0" tl="J3" linkIndex="2" dir="l" state="o"/>
    <connection from="gneE2" to="gneE14" fromLane="0" toLane="0" via=":J2_9_0" tl="J2" linkIndex="9" dir="r" state="O"/>
    <connection from="gneE2" to="gneE9" fromLane="1" toLane="1" via=":J2_10_0" tl="J2" linkIndex="10" dir="s" state="o"/>
    <connection from="gneE2" to="gneE11" fromLane="2" toLane="2" via=":J2_11_0" tl="J2" linkIndex="11" dir="l" state="o"/>
    <connection from="gneE21" to="gneE16" fromLane="0" toLane="0" via=":J3_6_0" tl="J3" linkIndex="6" dir="r" state="O"/>
    <connection from="gneE21" to="gneE18" fromLane="1" toLane="1" via=":J3_7_0" tl="J3" linkIndex="7" dir="s" state="O"/>
    <connection from="gneE21" to="gneE10" fromLane="2" toLane="2" via=":J3_8_0" tl="J3" linkIndex="8" dir="l" state="o"/>
    <connection from="gneE3" to="gneE7" fromLane="0" toLane="0" via=":J1_3_0" tl="gneJ0" linkIndex="3" dir="r" state="O"/>
    <connection from="gneE3" to="gneE0" fromLane="1" toLane="1" via=":J1_4_0" tl="gneJ0" linkIndex="4" dir="s" state="o"/>
    <connection from="gneE3" to="gneE4" fromLane="2" toLane="2" via=":J1_5_0" tl="gneJ0" linkIndex="5" dir="l" state="o"/>
    <connection from="gneE5" to="gneE2" fromLane="0" toLane="0" via=":J1_6_0" tl="gneJ0" linkIndex="6" dir="r" state="O"/>
    <connection from="gneE5" to="gneE7" fromLane="1" toLane="1" via=":J1_7_0" tl="gneJ0" linkIndex="7" dir="s" state="O"/>
    <connection from="gneE5" to="gneE0" fromLane="2" toLane="2" via=":J1_8_0" tl="gneJ0" linkIndex="8" dir="l" state="o"/>
    <connection from="gneE8" to="gneE0" fromLane="0" toLane="0" via=":J1_0_0" tl="gneJ0" linkIndex="0" dir="r" state="O"/>
    <connection from="gneE8" to="gneE4" fromLane="1" toLane="1" via=":J1_1_0" tl="gneJ0" linkIndex="1" dir="s" state="O"/>
    <connection from="gneE8" to="gneE2" fromLane="2" toLane="2" via=":J1_2_0" tl="gneJ0" linkIndex="2" dir="l" state="o"/>
    <connection from="gneE9" to="gneE20" fromLane="0" toLane="0" via=":J3_9_0" tl="J3" linkIndex="9" dir="r" state="O"/>
    <connection from="gneE9" to="gneE16" fromLane="1" toLane="1" via=":J3_10_0" tl="J3" linkIndex="10" dir="s" state="o"/>
    <connection from="gneE9" to="gneE18" fromLane="2" toLane="2" via=":J3_11_0" tl="J3" linkIndex="11" dir="l" state="o"/>

    <connection from=":J1_0" to="gneE0" fromLane="0" toLane="0" dir="r" state="M"/>
    <connection from=":J1_1" to="gneE4" fromLane="0" toLane="1" dir="s" state="M"/>
    <connection from=":J1_2" to="gneE2" fromLane="0" toLane="2" dir="l" state="M"/>
    <connection from=":J1_3" to="gneE7" fromLane="0" toLane="0" dir="r" state="M"/>
    <connection from=":J1_4" to="gneE0" fromLane="0" toLane="1" dir="s" state="M"/>
    <connection from=":J1_5" to="gneE4" fromLane="0" toLane="2" dir="l" state="M"/>
    <connection from=":J1_6" to="gneE2" fromLane="0" toLane="0" dir="r" state="M"/>
    <connection from=":J1_7" to="gneE7" fromLane="0" toLane="1" dir="s" state="M"/>
    <connection from=":J1_8" to="gneE0" fromLane="0" toLane="2" dir="l" state="M"/>
    <connection from=":J1_9" to="gneE4" fromLane="0" toLane="0" dir="r" state="M"/>
    <connection from=":J1_10" to="gneE2" fromLane="0" toLane="1" dir="s" state="M"/>
    <connection from=":J1_11" to="gneE7" fromLane="0" toLane="2" dir="l" state="M"/>
    <connection from=":J2_0" to="gneE3" fromLane="0" toLane="0" dir="r" state="M"/>
    <connection from=":J2_1" to="gneE14" fromLane="0" toLane="1" dir="s" state="M"/>
    <connection from=":J2_2" to="gneE9" fromLane="0" toLane="2" dir="l" state="M"/>
    <connection from=":J2_3" to="gneE11" fromLane="0" toLane="0" dir="r" state="M"/>
    <connection from=":J2_4" to="gneE3" fromLane="0" toLane="1" dir="s" state="M"/>
    <connection from=":J2_5" to="gneE14" fromLane="0" toLane="2" dir="l" state="M"/>
    <connection from=":J2_6" to="gneE9" fromLane="0" toLane="0" dir="r" state="M"/>
    <connection from=":J2_7" to="gneE11" fromLane="0" toLane="1" dir="s" state="M"/>
    <connection from=":J2_8" to="gneE3" fromLane="0" toLane="2" dir="l" state="M"/>
    <connection from=":J2_9" to="gneE14" fromLane="0" toLane="0" dir="r" state="M"/>
    <connection from=":J2_10" to="gneE9" fromLane="0" toLane="1" dir="s" state="M"/>
    <connection from=":J2_11" to="gneE11" fromLane="0" toLane="2" dir="l" state="M"/>
    <connection from=":J3_0" to="gneE10" fromLane="0" toLane="0" dir="r" state="M"/>
    <connection from=":J3_1" to="gneE20" fromLane="0" toLane="1" dir="s" state="M"/>
    <connection from=":J3_2" to="gneE16" fromLane="0" toLane="2" dir="l" state="M"/>
    <connection from=":J3_3" to="gneE18" fromLane="0" toLane="0" dir="r" state="M"/>
    <connection from=":J3_4" to="gneE10" fromLane="0" toLane="1" dir="s" state="M"/>
    <connection from=":J3_5" to="gneE20" fromLane="0" toLane="2" dir="l" state="M"/>
    <connection from=":J3_6" to="gneE16" fromLane="0" toLane="0" dir="r" state="M"/>
    <connection from=":J3_7" to="gneE18" fromLane="0" toLane="1" dir="s" state="M"/>
    <connection from=":J3_8" to="gneE10" fromLane="0" toLane="2" dir="l" state="M"/>
    <connection from=":J3_9" to="gneE20" fromLane="0" toLane="0" dir="r" state="M"/>
    <connection from=":J3_10" to="gneE16" fromLane="0" toLane="1" dir="s" state="M"/>
    <connection from=":J3_11" to="gneE18" fromLane="0" toLane="2" dir="l" state="M"/>

</net>
